STATE,NAME,LAT,LONG                                                                                                 
CA,Acalanes Ridge CDP,37.904725,-122.078567
CA,Acampo CDP,38.173529,-121.279892
CA,Acton CDP,34.49607,-118.183897
CA,Adelanto city,34.580902,-117.439458
CA,Adin CDP,41.199312,-120.956779
CA,Agoura Hills city,34.148942,-118.76393
CA,Agua Dulce CDP,34.501678,-118.32068
CA,Aguanga CDP,33.452246,-116.85547
CA,Ahwahnee CDP,37.365423,-119.716561
CA,Airport CDP,37.633883,-120.972006
CA,Alameda city,37.741911,-122.259914
CA,Alamo CDP,37.854768,-122.013557
CA,Albany city,37.89065,-122.318116
CA,Albion CDP,39.225327,-123.757586
CA,Alderpoint CDP,40.161347,-123.615729
CA,Alhambra city,34.083571,-118.136444
CA,Alhambra Valley CDP,37.966744,-122.135998
CA,Aliso Viejo city,33.57921,-117.728898
CA,Alleghany CDP,39.46666,-120.841126
CA,Allendale CDP,38.442986,-121.98333
CA,Allensworth CDP,35.849878,-119.389209
CA,Almanor CDP,40.214494,-121.17622
CA,Alondra Park CDP,33.890155,-118.335678
CA,Alpaugh CDP,35.889037,-119.485809
CA,Alpine CDP,32.842487,-116.755911
CA,Alpine Village CDP,38.779346,-119.807785
CA,Alta CDP,39.215685,-120.798509
CA,Altadena CDP,34.192212,-118.135589
CA,Alta Sierra CDP,35.725776,-118.545166
CA,Alta Sierra CDP,39.126174,-121.049085
CA,Alto CDP,37.905581,-122.518718
CA,Alturas city,41.489136,-120.551286
CA,Alum Rock CDP,37.369408,-121.823809
CA,Amador City city,38.418994,-120.823263
CA,Amador Pines CDP,38.489631,-120.533305
CA,American Canyon city,38.179033,-122.259602
CA,Amesti CDP,36.959483,-121.781739
CA,Anaheim city,33.855502,-117.758657
CA,Anchor Bay CDP,38.812653,-123.570267
CA,Anderson city,40.449755,-122.29507
CA,Angels city,38.071037,-120.551729
CA,Angwin CDP,38.577875,-122.451224
CA,Antelope CDP,38.71533,-121.360962
CA,Antioch city,37.978336,-121.796064
CA,Anza CDP,33.56159,-116.696066
CA,Apple Valley town,34.533376,-117.210358
CA,Aptos CDP,36.99115,-121.893457
CA,Aptos Hills-Larkin Valley CDP,36.963492,-121.835214
CA,Arbuckle CDP,39.014185,-122.061041
CA,Arcadia city,34.132689,-118.036347
CA,Arcata city,40.862291,-124.074967
CA,Arden-Arcade CDP,38.600647,-121.384643
CA,Armona CDP,36.316607,-119.70538
CA,Arnold CDP,38.249049,-120.349327
CA,Aromas CDP,36.874755,-121.630732
CA,Arroyo Grande city,35.124149,-120.584533
CA,Artesia city,33.867591,-118.080634
CA,Artois CDP,39.633179,-122.189758
CA,Arvin city,35.194361,-118.830569
CA,Ashland CDP,37.694197,-122.115937
CA,Aspen Springs CDP,37.548791,-118.699663
CA,Atascadero city,35.485718,-120.687942
CA,Atherton town,37.457072,-122.201058
CA,Atwater city,37.354049,-120.597177
CA,Auberry CDP,37.088654,-119.450757
CA,Auburn city,38.895075,-121.076739
CA,Auburn Lake Trails CDP,38.886238,-120.979699
CA,August CDP,37.979644,-121.26251
CA,Avalon city,33.343335,-118.317615
CA,Avenal city,36.031107,-120.116174
CA,Avery CDP,38.206826,-120.372262
CA,Avila Beach CDP,35.199355,-120.720757
CA,Avocado Heights CDP,34.039039,-117.998167
CA,Azusa city,34.138524,-117.912253
CA,Baker CDP,35.276918,-116.071735
CA,Bakersfield city,35.353171,-119.037919
CA,Bakersfield Country Club CDP,35.389891,-118.940915
CA,Baldwin Park city,34.082824,-117.971286
CA,Ballard CDP,34.639948,-120.110989
CA,Ballico CDP,37.451917,-120.703707
CA,Bangor CDP,39.376087,-121.411654
CA,Banning city,33.945903,-116.899044
CA,Barstow city,34.866987,-117.043035
CA,Bass Lake CDP,37.327282,-119.565326
CA,Bay Point CDP,38.032254,-121.962236
CA,Bayview CDP,38.006234,-122.320165
CA,Bayview CDP,40.76536,-124.178624
CA,Baywood Park CDP,37.529163,-122.341637
CA,Beale AFB CDP,39.108061,-121.351215
CA,Bear Creek CDP,37.296601,-120.417676
CA,Bear Valley CDP,38.472321,-120.051847
CA,Bear Valley CDP,37.57474,-120.136098
CA,Bear Valley Springs CDP,35.178355,-118.669618
CA,Beaumont city,33.876722,-116.953009
CA,Beckwourth CDP,39.843931,-120.414009
CA,Belden CDP,40.006783,-121.248191
CA,Bell city,33.979704,-118.179249
CA,Bella Vista CDP,40.651205,-122.25637
CA,Bell Canyon CDP,34.208148,-118.687574
CA,Bellflower city,33.887821,-118.12725
CA,Bell Gardens city,33.964379,-118.154437
CA,Belmont city,37.514398,-122.294475
CA,Belvedere city,37.873567,-122.470995
CA,Benbow CDP,40.060267,-123.765381
CA,Bend CDP,40.255092,-122.210916
CA,Benicia city,38.072733,-122.155169
CA,Ben Lomond CDP,37.078212,-122.088102
CA,Benton CDP,37.822438,-118.487687
CA,Benton Park CDP,35.346439,-119.029815
CA,Berkeley city,37.865673,-122.298725
CA,Bermuda Dunes CDP,33.74349,-116.287335
CA,Berry Creek CDP,39.631812,-121.405621
CA,Bertsch-Oceanview CDP,41.751727,-124.170214
CA,Bethel Island CDP,38.02813,-121.629851
CA,Beverly Hills city,34.07923,-118.402437
CA,Bieber CDP,41.138451,-121.117006
CA,Big Bear City CDP,34.254118,-116.796378
CA,Big Bear Lake city,34.242888,-116.893893
CA,Big Bend CDP,41.011624,-121.930434
CA,Big Creek CDP,37.203565,-119.248489
CA,Biggs city,39.410187,-121.713322
CA,Big Lagoon CDP,41.159427,-124.129746
CA,Big Pine CDP,37.165507,-118.296262
CA,Big River CDP,34.139823,-114.362099
CA,Biola CDP,36.799938,-120.021038
CA,Bishop city,37.366381,-118.395808
CA,Blackhawk CDP,37.809629,-121.913241
CA,Blacklake CDP,35.049689,-120.538642
CA,Black Point-Green Point CDP,38.110651,-122.519097
CA,Blairsden CDP,39.775205,-120.610845
CA,Bloomfield CDP,38.322069,-122.834464
CA,Bloomington CDP,34.060071,-117.401238
CA,Blue Lake city,40.880993,-123.994912
CA,Bluewater CDP,34.175431,-114.264962
CA,Blythe city,33.65352,-114.621823
CA,Bodega CDP,38.348841,-122.971164
CA,Bodega Bay CDP,38.327472,-123.029926
CA,Bodfish CDP,35.573416,-118.486441
CA,Bolinas CDP,37.917725,-122.709502
CA,Bombay Beach CDP,33.35561,-115.726902
CA,Bonadelle Ranchos CDP,36.968806,-119.892779
CA,Bonita CDP,32.673217,-117.006101
CA,Bonny Doon CDP,37.043577,-122.136972
CA,Bonsall CDP,33.274876,-117.191863
CA,Boonville CDP,39.011474,-123.374043
CA,Bootjack CDP,37.474044,-119.8838
CA,Boron CDP,35.01978,-117.665938
CA,Boronda CDP,36.694632,-121.674512
CA,Borrego Springs CDP,33.240965,-116.357119
CA,Bostonia CDP,32.818985,-116.942264
CA,Boulder Creek CDP,37.134099,-122.127208
CA,Boulevard CDP,32.664022,-116.289601
CA,Bowles CDP,36.608873,-119.752564
CA,Boyes Hot Springs CDP,38.312633,-122.488738
CA,Bradbury city,34.153159,-117.968818
CA,Bradley CDP,35.86284,-120.804268
CA,Brawley city,32.978454,-115.528569
CA,Brea city,33.925178,-117.865111
CA,Brentwood city,37.935578,-121.71897
CA,Bret Harte CDP,37.602078,-121.00438
CA,Bridgeport CDP,38.25521,-119.210424
CA,Brisbane city,37.67575,-122.383302
CA,Broadmoor CDP,37.691495,-122.481339
CA,Brookdale CDP,37.105732,-122.110623
CA,Brooks CDP,38.73688,-122.146807
CA,Brooktrails CDP,39.443283,-123.3938
CA,Buckhorn CDP,38.454797,-120.532334
CA,Buck Meadows CDP,37.807046,-120.075237
CA,Bucks Lake CDP,39.87956,-121.199081
CA,Buellton city,34.615497,-120.194237
CA,Buena Park city,33.857353,-118.007373
CA,Buena Vista CDP,38.297487,-120.917402
CA,Burbank city,34.190079,-118.326405
CA,Burbank CDP,37.321084,-121.930618
CA,Burlingame city,37.589952,-122.363342
CA,Burney CDP,40.889362,-121.675465
CA,Burnt Ranch CDP,40.811335,-123.508261
CA,Butte Creek Canyon CDP,39.744502,-121.707131
CA,Butte Meadows CDP,40.08531,-121.542683
CA,Butte Valley CDP,39.668815,-121.645888
CA,Buttonwillow CDP,35.409229,-119.440668
CA,Byron CDP,37.875644,-121.64212
CA,Bystrom CDP,37.61939,-120.981254
CA,Cabazon CDP,33.912726,-116.782831
CA,Calabasas city,34.134252,-118.666455
CA,Calexico city,32.684859,-115.494738
CA,California City city,35.14659,-117.869346
CA,California Hot Springs CDP,35.887568,-118.655022
CA,California Pines CDP,41.413786,-120.66531
CA,California Polytechnic State University CDP,35.306981,-120.667276
CA,Calimesa city,33.987357,-117.054214
CA,Calipatria city,33.168651,-115.485641
CA,Calistoga city,38.581408,-122.582696
CA,Callender CDP,35.047972,-120.575908
CA,Calpella CDP,39.233721,-123.19376
CA,Calpine CDP,39.663381,-120.439277
CA,Calwa CDP,36.713477,-119.76086
CA,Camanche North Shore CDP,38.244218,-120.953915
CA,Camanche Village CDP,38.266481,-120.986575
CA,Camarillo city,34.221823,-119.032154
CA,Cambria CDP,35.552069,-121.084137
CA,Cambrian Park CDP,37.256059,-121.928778
CA,Cameron Park CDP,38.674029,-120.988338
CA,Camino CDP,38.742265,-120.680811
CA,Camino Tassajara CDP,37.790886,-121.885052
CA,Campbell city,37.280244,-121.953296
CA,Camp Nelson CDP,36.141978,-118.61071
CA,Campo CDP,32.640965,-116.474516
CA,Campo Seco CDP,38.220743,-120.859054
CA,Camp Pendleton Mainside CDP,33.307209,-117.331048
CA,Camp Pendleton South CDP,33.231824,-117.391998
CA,Camptonville CDP,39.452072,-121.048668
CA,Canby CDP,41.452293,-120.888319
CA,Cantua Creek CDP,36.500045,-120.316361
CA,Canyondam CDP,40.169867,-121.076986
CA,Canyon Lake city,33.688302,-117.263547
CA,Capitola city,36.976083,-121.954012
CA,Caribou CDP,40.073244,-121.16567
CA,Carlsbad city,33.129284,-117.284183
CA,Carmel-by-the-Sea city,36.552881,-121.921919
CA,Carmel Valley Village CDP,36.500627,-121.73182
CA,Carmet CDP,38.374452,-123.071859
CA,Carmichael CDP,38.630812,-121.325636
CA,Carnelian Bay CDP,39.235165,-120.078207
CA,Carpinteria city,34.385234,-119.500759
CA,Carrick CDP,41.446746,-122.363457
CA,Carson city,33.840367,-118.249574
CA,Cartago CDP,36.305239,-118.027166
CA,Caruthers CDP,36.539907,-119.845027
CA,Casa Conejo CDP,34.184731,-118.944517
CA,Casa de Oro-Mount Helix CDP,32.763961,-116.968808
CA,Casa Loma CDP,35.34323,-118.998711
CA,Casmalia CDP,34.837799,-120.531044
CA,Caspar CDP,39.363063,-123.804194
CA,Cassel CDP,40.925021,-121.548476
CA,Castaic CDP,34.477444,-118.632681
CA,Castella CDP,41.177248,-122.287241
CA,Castle Hill CDP,37.874718,-122.058582
CA,Castro Valley CDP,37.708276,-122.062769
CA,Castroville CDP,36.76484,-121.753376
CA,Cathedral City city,33.835487,-116.463103
CA,Catheys Valley CDP,37.427706,-120.096038
CA,Cayucos CDP,35.439581,-120.889828
CA,Cazadero CDP,38.527831,-123.109799
CA,Cedar Flat CDP,39.206907,-120.094902
CA,Cedar Ridge CDP,38.065736,-120.273869
CA,Cedar Slope CDP,36.145464,-118.578881
CA,Cedarville CDP,41.528683,-120.174433
CA,Centerville CDP,36.736117,-119.496006
CA,Centerville CDP,40.542902,-122.464505
CA,Ceres city,37.598786,-120.968081
CA,Cerritos city,33.867745,-118.069471
CA,Chalfant CDP,37.492115,-118.390408
CA,Challenge-Brownsville CDP,39.464617,-121.26325
CA,Channel Islands Beach CDP,34.16896,-119.228542
CA,Charleston View CDP,35.964629,-115.897235
CA,Charter Oak CDP,34.102492,-117.856282
CA,Cherokee CDP,39.650877,-121.533646
CA,Cherokee Strip CDP,35.469567,-119.261525
CA,Cherryland CDP,37.679216,-122.103777
CA,Cherry Valley CDP,33.979642,-116.969371
CA,Chester CDP,40.301675,-121.232503
CA,Chico city,39.758951,-121.81772
CA,Chilcoot-Vinton CDP,39.806744,-120.138861
CA,China Lake Acres CDP,35.640019,-117.766458
CA,Chinese Camp CDP,37.870215,-120.444225
CA,Chino city,33.978037,-117.657719
CA,Chino Hills city,33.942969,-117.725648
CA,Choctaw Valley CDP,35.448555,-118.887191
CA,Chowchilla city,37.116104,-120.241978
CA,Chualar CDP,36.571113,-121.510295
CA,Chula Vista city,32.62767,-117.01517
CA,Citrus CDP,34.113438,-117.891301
CA,Citrus Heights city,38.69481,-121.287953
CA,Claremont city,34.124925,-117.713923
CA,Clarksburg CDP,38.419335,-121.541617
CA,Clay CDP,38.314038,-121.159591
CA,Clayton city,37.940322,-121.930075
CA,Clear Creek CDP,40.307086,-121.0554
CA,Clearlake city,38.960045,-122.633232
CA,Clearlake Oaks CDP,39.020605,-122.656939
CA,Clearlake Riviera CDP,38.951383,-122.722243
CA,Cleone CDP,39.490154,-123.775692
CA,Clio CDP,39.754217,-120.566728
CA,Clipper Mills CDP,39.532424,-121.166552
CA,Cloverdale city,38.794795,-123.014703
CA,Clovis city,36.827809,-119.681843
CA,Clyde CDP,38.02539,-122.028016
CA,Coachella city,33.69038,-116.143128
CA,Coalinga city,36.133014,-120.339005
CA,Coarsegold CDP,37.239184,-119.700972
CA,Cobb CDP,38.835329,-122.722435
CA,Coffee Creek CDP,41.079673,-122.716906
CA,Cohasset CDP,39.902152,-121.745368
CA,Cold Springs CDP,38.74644,-120.873807
CA,Cold Springs CDP,38.161335,-120.053527
CA,Coleville CDP,38.580561,-119.502863
CA,Colfax city,39.093799,-120.953222
CA,College City CDP,39.006085,-122.005134
CA,Collierville CDP,38.212831,-121.264972
CA,Colma town,37.676697,-122.452821
CA,Coloma CDP,38.802616,-120.894635
CA,Colton city,34.054525,-117.325029
CA,Columbia CDP,38.031227,-120.413398
CA,Colusa city,39.200023,-122.009481
CA,Commerce city,33.994523,-118.149952
CA,Comptche CDP,39.265134,-123.589715
CA,Compton city,33.894047,-118.227469
CA,Concord city,37.972184,-122.001587
CA,Concow CDP,39.770316,-121.513493
CA,Contra Costa Centre CDP,37.925963,-122.053977
CA,Copperopolis CDP,37.939092,-120.625141
CA,Corcoran city,36.084057,-119.561268
CA,Corning city,39.9282,-122.182009
CA,Corona city,33.861969,-117.565495
CA,Coronado city,32.657625,-117.156539
CA,Coronita CDP,33.875877,-117.610983
CA,Corralitos CDP,36.98423,-121.789432
CA,Corte Madera town,37.931846,-122.507738
CA,Costa Mesa city,33.665905,-117.912336
CA,Cotati city,38.328492,-122.710049
CA,Coto de Caza CDP,33.597037,-117.586484
CA,Cottonwood CDP,35.345588,-118.985856
CA,Cottonwood CDP,40.390291,-122.315631
CA,Coulterville CDP,37.712573,-120.196062
CA,Country Club CDP,37.968036,-121.340482
CA,Courtland CDP,38.332911,-121.557026
CA,Covelo CDP,39.800187,-123.252601
CA,Covina city,34.090475,-117.882143
CA,Cowan CDP,37.560105,-120.988787
CA,Crescent City city,41.764514,-124.200779
CA,Crescent Mills CDP,40.100741,-120.921706
CA,Cressey CDP,37.42103,-120.65569
CA,Crest CDP,32.80002,-116.867078
CA,Crestline CDP,34.254077,-117.286709
CA,Creston CDP,35.517097,-120.518136
CA,C-Road CDP,39.762728,-120.577051
CA,Crockett CDP,38.051919,-122.220127
CA,Cromberg CDP,39.868383,-120.690446
CA,Crowley Lake CDP,37.568742,-118.746421
CA,Crows Landing CDP,37.394443,-121.075166
CA,Cudahy city,33.964003,-118.182561
CA,Culver City city,34.00582,-118.396781
CA,Cupertino city,37.3194,-122.044957
CA,Cutler CDP,36.524664,-119.288829
CA,Cutten CDP,40.765684,-124.144461
CA,Cuyama CDP,34.931057,-119.61488
CA,Cypress city,33.818477,-118.038307
CA,Dales CDP,40.317989,-122.053844
CA,Daly City city,37.701684,-122.464968
CA,Dana Point city,33.475452,-117.693087
CA,Danville town,37.812142,-121.969824
CA,Daphnedale Park CDP,41.506864,-120.548069
CA,Darwin CDP,36.268803,-117.589004
CA,Davenport CDP,37.017779,-122.187885
CA,Davis city,38.556147,-121.737793
CA,Day Valley CDP,37.025439,-121.855931
CA,Deer Park CDP,38.535176,-122.470152
CA,Del Aire CDP,33.916738,-118.36929
CA,Delano city,35.76643,-119.264221
CA,Del Dios CDP,33.075682,-117.119036
CA,Delft Colony CDP,36.513809,-119.446522
CA,Delhi CDP,37.430599,-120.775899
CA,Delleker CDP,39.813251,-120.489671
CA,Del Mar city,32.963945,-117.259804
CA,Del Monte Forest CDP,36.583834,-121.946714
CA,Del Rey CDP,36.656464,-119.598135
CA,Del Rey Oaks city,36.589699,-121.829527
CA,Del Rio CDP,37.745907,-121.009293
CA,Denair CDP,37.525398,-120.797433
CA,Derby Acres CDP,35.244025,-119.603833
CA,Descanso CDP,32.869565,-116.627878
CA,Desert Center CDP,33.737799,-115.366622
CA,Desert Edge CDP,33.922289,-116.440092
CA,Desert Hot Springs city,33.957591,-116.542284
CA,Desert Palms CDP,33.779144,-116.298219
CA,Desert Shores CDP,33.403803,-116.039206
CA,Desert View Highlands CDP,34.590263,-118.153537
CA,Diablo CDP,37.840774,-121.956477
CA,Diablo Grande CDP,37.399047,-121.263511
CA,Diamond Bar city,34.001573,-117.817601
CA,Diamond Springs CDP,38.692014,-120.838684
CA,Di Giorgio CDP,35.249118,-118.844154
CA,Dillon Beach CDP,38.243488,-122.955955
CA,Dinuba city,36.545121,-119.398805
CA,Discovery Bay CDP,37.908131,-121.597196
CA,Dixon city,38.447512,-121.824223
CA,Dixon Lane-MeadowCreek CDP,37.386388,-118.415273
CA,Dobbins CDP,39.35659,-121.210378
CA,Dogtown CDP,38.208667,-121.154809
CA,Dollar Point CDP,39.189626,-120.109426
CA,Dorrington CDP,38.304479,-120.266321
CA,Dorris city,41.964965,-121.920387
CA,Dos Palos city,36.985424,-120.633845
CA,Dos Palos Y CDP,37.04684,-120.639473
CA,Douglas City CDP,40.644953,-122.927426
CA,Douglas Flat CDP,38.114619,-120.452862
CA,Downey city,33.938237,-118.130856
CA,Downieville CDP,39.578643,-120.816405
CA,Doyle CDP,40.027223,-120.11537
CA,Drytown CDP,38.441489,-120.860504
CA,Duarte city,34.160967,-117.950447
CA,Dublin city,37.716137,-121.896229
CA,Ducor CDP,35.892701,-119.04701
CA,Dunnigan CDP,38.892643,-121.974184
CA,Dunsmuir city,41.231526,-122.270939
CA,Durham CDP,39.629358,-121.79077
CA,Dustin Acres CDP,35.215929,-119.374987
CA,Dutch Flat CDP,39.208008,-120.834476
CA,Eagleville CDP,41.318993,-120.114607
CA,Earlimart CDP,35.891354,-119.272092
CA,East Bakersfield CDP,35.383185,-118.974368
CA,Eastern Goleta Valley CDP,34.443913,-119.785477
CA,East Foothills CDP,37.382607,-121.813749
CA,East Hemet CDP,33.730114,-116.941001
CA,East Los Angeles CDP,34.031506,-118.168567
CA,East Nicolaus CDP,38.910044,-121.544319
CA,East Niles CDP,35.368273,-118.922462
CA,East Oakdale CDP,37.783867,-120.798631
CA,Easton CDP,36.652391,-119.790786
CA,East Orosi CDP,36.548069,-119.259853
CA,East Palo Alto city,37.46778,-122.13255
CA,East Pasadena CDP,34.136798,-118.077535
CA,East Porterville CDP,36.058155,-118.974892
CA,East Quincy CDP,39.91643,-120.91894
CA,East Rancho Dominguez CDP,33.894841,-118.195586
CA,East Richmond Heights CDP,37.945084,-122.31391
CA,East San Gabriel CDP,34.116189,-118.079886
CA,East Shore CDP,40.245269,-121.076778
CA,East Sonora CDP,37.974241,-120.338035
CA,East Tulare Villa CDP,36.203763,-119.280335
CA,Eastvale city,33.963274,-117.582369
CA,East Whittier CDP,33.924376,-117.988732
CA,Edgewood CDP,41.460773,-122.425687
CA,Edison CDP,35.347313,-118.869826
CA,Edmundson Acres CDP,35.227296,-118.823252
CA,Edna CDP,35.210786,-120.605968
CA,Edwards AFB CDP,34.902408,-117.921869
CA,El Adobe CDP,35.245083,-118.958842
CA,El Cajon city,32.801673,-116.960468
CA,El Centro city,32.786351,-115.560206
CA,El Centro Naval Air Facility CDP,32.825232,-115.668072
CA,El Cerrito city,37.919574,-122.302519
CA,El Cerrito CDP,33.838186,-117.522205
CA,El Dorado Hills CDP,38.676082,-121.0477
CA,Eldridge CDP,38.333887,-122.506518
CA,Elfin Forest CDP,33.081232,-117.177443
CA,El Granada CDP,37.514166,-122.464803
CA,Elizabeth Lake CDP,34.656488,-118.379847
CA,Elk Creek CDP,39.598678,-122.53232
CA,Elk Grove city,38.414621,-121.384961
CA,Elkhorn CDP,36.810673,-121.718699
CA,El Macero CDP,38.544019,-121.685168
CA,Elmira CDP,38.352329,-121.907719
CA,El Monte city,34.074633,-118.029136
CA,El Monte Mobile Village CDP,36.547075,-119.425049
CA,El Nido CDP,37.132376,-120.498551
CA,El Paso de Robles (Paso Robles) city,35.628513,-120.650356
CA,El Portal CDP,37.673241,-119.787716
CA,El Rancho CDP,36.220684,-119.068357
CA,El Rio CDP,34.245364,-119.156763
CA,El Segundo city,33.910367,-118.425079
CA,El Sobrante CDP,37.973624,-122.303141
CA,El Sobrante CDP,33.872465,-117.462517
CA,El Verano CDP,38.297465,-122.491544
CA,Elverta CDP,38.718464,-121.445475
CA,Emerald Lake Hills CDP,37.46566,-122.265351
CA,Emeryville city,37.838473,-122.301682
CA,Empire CDP,37.643057,-120.907038
CA,Encinitas city,33.050632,-117.263616
CA,Escalon city,37.791336,-120.999643
CA,Escondido city,33.133053,-117.074043
CA,Esparto CDP,38.69341,-122.024046
CA,Etna city,41.458199,-122.895819
CA,Eucalyptus Hills CDP,32.885177,-116.944983
CA,Eureka city,40.797594,-124.154191
CA,Exeter city,36.294137,-119.145953
CA,Fairbanks Ranch CDP,32.991596,-117.186611
CA,Fairfax CDP,35.346885,-118.933806
CA,Fairfax town,37.988532,-122.595208
CA,Fairfield city,38.26206,-122.032386
CA,Fairhaven CDP,40.788293,-124.201421
CA,Fairmead CDP,37.077405,-120.193909
CA,Fair Oaks CDP,38.650154,-121.25097
CA,Fairview CDP,37.677667,-122.044434
CA,Fallbrook CDP,33.374235,-117.220375
CA,Fall River Mills CDP,41.007241,-121.441134
CA,Farmersville city,36.304739,-119.208605
CA,Farmington CDP,37.929868,-121.004367
CA,Fellows CDP,35.177929,-119.547211
CA,Felton CDP,37.039222,-122.080764
CA,Ferndale city,40.578144,-124.261247
CA,Fetters Hot Springs-Agua Caliente CDP,38.327504,-122.487137
CA,Fiddletown CDP,38.506864,-120.760149
CA,Fieldbrook CDP,40.972958,-124.028586
CA,Fields Landing CDP,40.724236,-124.218603
CA,Fillmore city,34.398958,-118.91746
CA,Firebaugh city,36.853745,-120.453746
CA,Fish Camp CDP,37.4799,-119.640911
CA,Florence-Graham CDP,33.968159,-118.244667
CA,Florin CDP,38.48315,-121.404326
CA,Floriston CDP,39.39293,-120.015113
CA,Flournoy CDP,39.928339,-122.445793
CA,Folsom city,38.666597,-121.141635
CA,Fontana city,34.109686,-117.462888
CA,Foothill Farms CDP,38.686732,-121.347478
CA,Forbestown CDP,39.527584,-121.266222
CA,Ford City CDP,35.164735,-119.4584
CA,Foresta CDP,37.698779,-119.748274
CA,Foresthill CDP,39.005286,-120.831355
CA,Forest Meadows CDP,38.171801,-120.397737
CA,Forest Ranch CDP,39.895204,-121.670451
CA,Forestville CDP,38.482491,-122.889884
CA,Fort Bidwell CDP,41.863301,-120.159395
CA,Fort Bragg city,39.439803,-123.801757
CA,Fort Dick CDP,41.869526,-124.167206
CA,Fort Hunter Liggett CDP,35.992329,-121.23487
CA,Fort Irwin CDP,35.247701,-116.683411
CA,Fort Jones city,41.608452,-122.841066
CA,Fortuna city,40.587084,-124.142161
CA,Fort Washington CDP,36.87934,-119.76122
CA,Foster City city,37.56482,-122.250782
CA,Fountain Valley city,33.710582,-117.951129
CA,Fowler city,36.624186,-119.674748
CA,Franklin CDP,37.327529,-120.532089
CA,Franklin CDP,38.367521,-121.461629
CA,Frazier Park CDP,34.814193,-118.954961
CA,Freedom CDP,36.940254,-121.795246
CA,Freeport CDP,38.462935,-121.502107
CA,Fremont city,37.49446,-121.94115
CA,French Camp CDP,37.866024,-121.274154
CA,French Gulch CDP,40.718793,-122.629357
CA,French Valley CDP,33.599461,-117.106495
CA,Fresno city,36.782684,-119.793359
CA,Friant CDP,36.984012,-119.70806
CA,Fruitdale CDP,37.311711,-121.935765
CA,Fruitridge Pocket CDP,38.532613,-121.455807
CA,Fuller Acres CDP,35.302254,-118.914295
CA,Fullerton city,33.885716,-117.928025
CA,Fulton CDP,38.493709,-122.773417
CA,Furnace Creek CDP,36.427669,-116.87469
CA,Galt city,38.268458,-121.298952
CA,Garberville CDP,40.100306,-123.794315
CA,Gardena city,33.894417,-118.307522
CA,Garden Acres CDP,37.963697,-121.22961
CA,Garden Farms CDP,35.415782,-120.614034
CA,Garden Grove city,33.778782,-117.960472
CA,Garey CDP,34.885821,-120.31375
CA,Garnet CDP,33.917892,-116.479609
CA,Gasquet CDP,41.836075,-123.976031
CA,Gazelle CDP,41.51187,-122.521946
CA,Georgetown CDP,38.911353,-120.834624
CA,Gerber CDP,40.061417,-122.148201
CA,Geyserville CDP,38.717314,-122.903423
CA,Gilroy city,37.006407,-121.585321
CA,Glencoe CDP,38.353042,-120.57329
CA,Glendale city,34.181393,-118.24583
CA,Glendora city,34.144964,-117.847804
CA,Glen Ellen CDP,38.355323,-122.543306
CA,Glennville CDP,35.724194,-118.715217
CA,Golden Hills CDP,35.136422,-118.497592
CA,Gold Mountain CDP,39.761315,-120.519054
CA,Gold River CDP,38.626854,-121.249164
CA,Goleta city,34.435441,-119.858946
CA,Gonzales city,36.505979,-121.442918
CA,Good Hope CDP,33.770627,-117.277199
CA,Goodmanville CDP,35.428994,-118.943719
CA,Goodyears Bar CDP,39.552354,-120.893102
CA,Goshen CDP,36.349266,-119.420621
CA,Graeagle CDP,39.752477,-120.645449
CA,Grand Terrace city,34.031085,-117.3131
CA,Grangeville CDP,36.343898,-119.707467
CA,Granite Bay CDP,38.760441,-121.168196
CA,Granite Hills CDP,32.80328,-116.90561
CA,Graniteville CDP,39.444366,-120.73603
CA,Grass Valley city,39.220305,-121.052654
CA,Graton CDP,38.437517,-122.865988
CA,Grayson CDP,37.564577,-121.18005
CA,Greeley Hill CDP,37.757043,-120.130759
CA,Greenacres CDP,35.383159,-119.118381
CA,Green Acres CDP,33.734972,-117.078244
CA,Greenfield CDP,35.269489,-119.009491
CA,Greenfield city,36.323977,-121.243699
CA,Greenhorn CDP,39.902968,-120.758983
CA,Green Valley CDP,34.617415,-118.405023
CA,Green Valley CDP,38.263842,-122.162496
CA,Greenview CDP,41.544922,-122.920964
CA,Greenville CDP,40.133603,-120.945333
CA,Grenada CDP,41.6401,-122.526627
CA,Gridley city,39.362883,-121.697543
CA,Grimes CDP,39.074154,-121.898775
CA,Grizzly Flats CDP,38.635696,-120.535435
CA,Groveland CDP,37.831966,-120.241581
CA,Grover Beach city,35.120888,-120.619664
CA,Guadalupe city,34.964929,-120.573127
CA,Guerneville CDP,38.517165,-122.989897
CA,Guinda CDP,38.827374,-122.198359
CA,Gustine city,37.252549,-120.995513
CA,Hacienda Heights CDP,33.995853,-117.973023
CA,Half Moon Bay city,37.467319,-122.440485
CA,Hamilton Branch CDP,40.27725,-121.096092
CA,Hamilton City CDP,39.742678,-122.010946
CA,Hanford city,36.327719,-119.654609
CA,Happy Camp CDP,41.815893,-123.392796
CA,Happy Valley CDP,40.466141,-122.417969
CA,Harbison Canyon CDP,32.827274,-116.83807
CA,Hardwick CDP,36.402596,-119.72077
CA,Harmony Grove CDP,33.100717,-117.137992
CA,Hartland CDP,36.653867,-118.958812
CA,Hartley CDP,38.420393,-121.950842
CA,Hasley Canyon CDP,34.481599,-118.666689
CA,Hat Creek CDP,40.789806,-121.474515
CA,Hathaway Pines CDP,38.190063,-120.361495
CA,Hawaiian Gardens city,33.830482,-118.073451
CA,Hawthorne city,33.914775,-118.348083
CA,Hayfork CDP,40.575871,-123.123629
CA,Hayward city,37.626826,-122.104015
CA,Healdsburg city,38.622526,-122.865133
CA,Heber CDP,32.732494,-115.529398
CA,Hemet city,33.734068,-116.996808
CA,Herald CDP,38.288403,-121.231066
CA,Hercules city,38.021427,-122.288929
CA,Herlong CDP,40.141722,-120.139657
CA,Hermosa Beach city,33.869819,-118.405296
CA,Hesperia city,34.397038,-117.315198
CA,Hickman CDP,37.619316,-120.751219
CA,Hidden Hills city,34.163744,-118.66121
CA,Hidden Meadows CDP,33.223634,-117.119826
CA,Hidden Valley Lake CDP,38.801498,-122.551422
CA,Highgrove CDP,34.010577,-117.309817
CA,Highland city,34.113473,-117.165729
CA,Highlands CDP,37.520022,-122.3459
CA,Hillcrest CDP,35.37897,-118.957853
CA,Hillsborough town,37.557206,-122.358541
CA,Hilmar-Irwin CDP,37.404543,-120.850426
CA,Hiouchi CDP,41.793664,-124.066113
CA,Hollister city,36.855599,-121.398598
CA,Holtville city,32.813781,-115.378319
CA,Home Garden CDP,36.302832,-119.637073
CA,Home Gardens CDP,33.878328,-117.511535
CA,Homeland CDP,33.745881,-117.113241
CA,Homestead Valley CDP,34.273004,-116.414549
CA,Homewood Canyon CDP,35.89004,-117.386414
CA,Honcut CDP,39.332591,-121.538759
CA,Hood CDP,38.369291,-121.515488
CA,Hoopa CDP,41.079639,-123.69766
CA,Hopland CDP,38.96883,-123.116899
CA,Hornbrook CDP,41.904505,-122.558319
CA,Hornitos CDP,37.502525,-120.238859
CA,Hughson city,37.602135,-120.866004
CA,Humboldt Hill CDP,40.722316,-124.197381
CA,Huntington Beach city,33.698007,-118.003834
CA,Huntington Park city,33.979248,-118.217438
CA,Huron city,36.204381,-120.095119
CA,Hyampom CDP,40.626179,-123.46883
CA,Hydesville CDP,40.557875,-124.08225
CA,Hypericum CDP,36.256167,-119.216933
CA,Idlewild CDP,35.809588,-118.670463
CA,Idyllwild-Pine Cove CDP,33.744209,-116.73069
CA,Igo CDP,40.49774,-122.549621
CA,Imperial city,32.838801,-115.572012
CA,Imperial Beach city,32.56914,-117.114921
CA,Independence CDP,36.83031,-118.207855
CA,Indian Falls CDP,40.05875,-120.980314
CA,Indianola CDP,40.809964,-124.078447
CA,Indian Wells city,33.699892,-116.32955
CA,Indio city,33.731639,-116.235971
CA,Indio Hills CDP,33.84106,-116.248473
CA,Industry city,34.026232,-117.940327
CA,Inglewood city,33.956068,-118.344274
CA,Interlaken CDP,36.950603,-121.737519
CA,Inverness CDP,38.082796,-122.854943
CA,Inyokern CDP,35.654387,-117.819476
CA,Ione city,38.362862,-120.947685
CA,Iron Horse CDP,39.780481,-120.482291
CA,Irvine city,33.678399,-117.771254
CA,Irwindale city,34.111855,-117.963614
CA,Isla Vista CDP,34.412179,-119.860657
CA,Isleton city,38.161252,-121.604958
CA,Ivanhoe CDP,36.383439,-119.220088
CA,Jackson city,38.348489,-120.772822
CA,Jacumba CDP,32.636478,-116.190706
CA,Jamestown CDP,37.958212,-120.407062
CA,Jamul CDP,32.71841,-116.870862
CA,Janesville CDP,40.301105,-120.490318
CA,Jenner CDP,38.459034,-123.127467
CA,Johannesburg CDP,35.371876,-117.641803
CA,Johnson Park CDP,40.921179,-121.629531
CA,Johnstonville CDP,40.380198,-120.586134
CA,Johnsville CDP,39.76971,-120.699783
CA,Jones Valley CDP,40.701315,-122.242004
CA,Joshua Tree CDP,34.123633,-116.312862
CA,Jovista CDP,35.794014,-119.18957
CA,Julian CDP,33.073502,-116.588883
CA,Junction City CDP,40.736022,-123.084644
CA,June Lake CDP,37.761783,-119.114729
CA,Jurupa Valley city,34.002591,-117.467612
CA,Keddie CDP,40.005944,-120.952416
CA,Keeler CDP,36.486718,-117.87333
CA,Keene CDP,35.23178,-118.613067
CA,Kelly Ridge CDP,39.528803,-121.466259
CA,Kelseyville CDP,38.970184,-122.831384
CA,Kennedy CDP,37.929042,-121.245783
CA,Kennedy Meadows CDP,36.007639,-118.109947
CA,Kensington CDP,37.905144,-122.284226
CA,Kentfield CDP,37.935873,-122.558999
CA,Kenwood CDP,38.415408,-122.538753
CA,Kep'el CDP,41.284142,-123.819006
CA,Kerman city,36.724911,-120.06258
CA,Kernville CDP,35.755017,-118.430907
CA,Keswick CDP,40.612959,-122.460779
CA,Kettleman City CDP,36.008985,-119.962852
CA,Keyes CDP,37.557308,-120.911375
CA,King City city,36.216283,-121.131962
CA,Kings Beach CDP,39.247528,-120.019903
CA,Kingsburg city,36.525193,-119.566403
CA,Kingvale CDP,39.320997,-120.438309
CA,Kirkwood CDP,38.689265,-120.054979
CA,Klamath CDP,41.572859,-124.055606
CA,Knightsen CDP,37.962426,-121.64858
CA,Knights Ferry CDP,37.821152,-120.669089
CA,Knights Landing CDP,38.797972,-121.717447
CA,La Cañada Flintridge city,34.20969,-118.200139
CA,La Crescenta-Montrose CDP,34.233016,-118.235774
CA,La Cresta CDP,35.397201,-118.989312
CA,Ladera CDP,37.399875,-122.198971
CA,Ladera Heights CDP,33.996776,-118.370028
CA,Ladera Ranch CDP,33.549146,-117.641741
CA,Lafayette city,37.891004,-122.119529
CA,La Grange CDP,37.663456,-120.463147
CA,Laguna Beach city,33.54337,-117.761801
CA,Laguna Hills city,33.591216,-117.697621
CA,Laguna Niguel city,33.528654,-117.701253
CA,Laguna Woods city,33.612058,-117.730319
CA,Lagunitas-Forest Knolls CDP,38.018026,-122.691303
CA,La Habra city,33.927927,-117.951554
CA,La Habra Heights city,33.958959,-117.948973
CA,La Honda CDP,37.317705,-122.25843
CA,Lake Almanor Country Club CDP,40.257771,-121.146958
CA,Lake Almanor Peninsula CDP,40.28121,-121.134454
CA,Lake Almanor West CDP,40.233573,-121.202075
CA,Lake Arrowhead CDP,34.254027,-117.178091
CA,Lake California CDP,40.358355,-122.208843
CA,Lake City CDP,41.645317,-120.222097
CA,Lake Davis CDP,39.852428,-120.45841
CA,Lake Don Pedro CDP,37.64142,-120.36436
CA,Lake Elsinore city,33.685956,-117.335404
CA,Lake Forest city,33.654946,-117.675848
CA,Lakehead CDP,40.903436,-122.399658
CA,Lake Hughes CDP,34.682415,-118.451938
CA,Lake Isabella CDP,35.637098,-118.48261
CA,Lakeland Village CDP,33.648956,-117.366823
CA,Lake Los Angeles CDP,34.609839,-117.830337
CA,Lake Mathews CDP,33.824966,-117.368343
CA,Lake Nacimiento CDP,35.730962,-120.869517
CA,Lake of the Pines CDP,39.038746,-121.061341
CA,Lake of the Woods CDP,34.827138,-118.997304
CA,Lakeport city,39.038333,-122.922633
CA,Lake Riverside CDP,33.518735,-116.812103
CA,Lake San Marcos CDP,33.122362,-117.208576
CA,Lake Shastina CDP,41.523127,-122.376366
CA,Lake Sherwood CDP,34.131803,-118.884714
CA,Lakeside CDP,35.234667,-119.082858
CA,Lakeside CDP,32.856617,-116.904237
CA,Lakeview CDP,33.828465,-117.123334
CA,Lake Wildwood CDP,39.23324,-121.19773
CA,Lakewood city,33.847135,-118.121894
CA,La Mesa city,32.769495,-117.021923
CA,La Mirada city,33.902045,-118.008961
CA,Lamont CDP,35.265142,-118.916042
CA,Lanare CDP,36.437723,-119.932199
CA,Lancaster city,34.693558,-118.175305
CA,La Palma city,33.850616,-118.039565
CA,La Porte CDP,39.672508,-120.985244
CA,La Presa CDP,32.712315,-117.00371
CA,La Puente city,34.032333,-117.95352
CA,La Quinta city,33.646083,-116.275297
CA,La Riviera CDP,38.568538,-121.354962
CA,Larkfield-Wikiup CDP,38.512972,-122.753601
CA,Larkspur city,37.940544,-122.530229
CA,La Selva Beach CDP,36.927375,-121.844404
CA,Las Flores CDP,33.583836,-117.623741
CA,Las Flores CDP,40.072141,-122.157312
CA,Las Lomas CDP,36.868813,-121.731611
CA,Lathrop city,37.808666,-121.317765
CA,Laton CDP,36.43141,-119.697597
CA,La Verne city,34.120521,-117.769928
CA,La Vina CDP,36.879865,-120.114802
CA,Lawndale city,33.888435,-118.353143
CA,Laytonville CDP,39.662256,-123.495015
CA,Lebec CDP,34.844614,-118.899237
CA,Lee Vining CDP,37.954899,-119.122014
CA,Leggett CDP,39.863539,-123.725176
CA,Le Grand CDP,37.228815,-120.254002
CA,Lemon Cove CDP,36.38088,-119.02846
CA,Lemon Grove city,32.733071,-117.034413
CA,Lemon Hill CDP,38.517232,-121.457279
CA,Lemoore city,36.29528,-119.797268
CA,Lemoore Station CDP,36.263278,-119.904836
CA,Lennox CDP,33.938068,-118.35854
CA,Lenwood CDP,34.886056,-117.107773
CA,Leona Valley CDP,34.608144,-118.301322
CA,Lewiston CDP,40.696931,-122.822509
CA,Lexington Hills CDP,37.159016,-121.988793
CA,Likely CDP,41.226827,-120.501236
CA,Lincoln city,38.874464,-121.292886
CA,Lincoln Village CDP,38.005471,-121.333843
CA,Linda CDP,39.124142,-121.542173
CA,Lindcove CDP,36.358027,-119.064584
CA,Linden CDP,38.01814,-121.101562
CA,Lindsay city,36.209096,-119.093259
CA,Linnell Camp CDP,36.308887,-119.222583
CA,Litchfield CDP,40.387702,-120.380705
CA,Little Grass Valley CDP,39.725246,-120.959073
CA,Little River CDP,39.270285,-123.781749
CA,Littlerock CDP,34.525126,-117.981631
CA,Little Valley CDP,40.893049,-121.178041
CA,Live Oak CDP,36.986024,-121.980414
CA,Live Oak city,39.278802,-121.662439
CA,Livermore city,37.686977,-121.759781
CA,Livingston city,37.387281,-120.724943
CA,Lockeford CDP,38.149128,-121.154309
CA,Lockwood CDP,38.486691,-120.603425
CA,Lockwood CDP,35.940083,-121.078282
CA,Lodi city,38.12161,-121.290765
CA,Lodoga CDP,39.304272,-122.505944
CA,Loleta CDP,40.640885,-124.222556
CA,Loma Linda city,34.043287,-117.246647
CA,Loma Mar CDP,37.265784,-122.300692
CA,Loma Rica CDP,39.320318,-121.403831
CA,Lomita city,33.793306,-118.317455
CA,Lompico CDP,37.114619,-122.052768
CA,Lompoc city,34.662689,-120.470837
CA,London CDP,36.48048,-119.44494
CA,Lone Pine CDP,36.574447,-118.08061
CA,Long Barn CDP,38.093263,-120.134686
CA,Long Beach city,33.780791,-118.16818
CA,Lookout CDP,41.210401,-121.15296
CA,Loomis town,38.809358,-121.195383
CA,Los Alamitos city,33.796911,-118.061244
CA,Los Alamos CDP,34.741803,-120.274596
CA,Los Altos city,37.368431,-122.09657
CA,Los Altos Hills town,37.366808,-122.13865
CA,Los Angeles city,34.019394,-118.410825
CA,Los Banos city,37.063184,-120.840304
CA,Los Berros CDP,35.080907,-120.545036
CA,Los Gatos town,37.229944,-121.956874
CA,Los Molinos CDP,40.027074,-122.097971
CA,Los Olivos CDP,34.661506,-120.117436
CA,Los Osos CDP,35.307083,-120.824522
CA,Los Ranchos CDP,35.212699,-120.62803
CA,Lost Hills CDP,35.632721,-119.677889
CA,Lower Lake CDP,38.913034,-122.606987
CA,Loyalton city,39.676855,-120.244811
CA,Loyola CDP,37.350325,-122.097973
CA,Lucas Valley-Marinwood CDP,38.040509,-122.576482
CA,Lucerne CDP,39.05677,-122.770289
CA,Lucerne Valley CDP,34.442719,-116.902093
CA,Lynwood city,33.923959,-118.201655
CA,Lytle Creek CDP,34.249926,-117.504431
CA,Mabie CDP,39.77706,-120.544699
CA,McArthur CDP,41.041995,-121.40524
CA,McClellan Park CDP,38.662896,-121.401656
CA,McClenney Tract CDP,35.821984,-118.647839
CA,McCloud CDP,41.254739,-122.136221
CA,Macdoel CDP,41.826173,-122.005885
CA,McFarland city,35.667286,-119.230722
CA,McGee Creek CDP,37.572665,-118.791
CA,McKinleyville CDP,40.951571,-124.077357
CA,McKittrick CDP,35.298028,-119.624921
CA,McSwain CDP,37.314505,-120.586758
CA,Madeline CDP,41.05141,-120.475434
CA,Madera city,36.965774,-120.08616
CA,Madera Acres CDP,37.012656,-120.079727
CA,Madera Ranchos CDP,36.92791,-119.877283
CA,Madison CDP,38.674988,-121.970254
CA,Mad River CDP,40.432532,-123.492061
CA,Magalia CDP,39.818752,-121.607748
CA,Malaga CDP,36.681602,-119.731786
CA,Malibu city,34.02586,-118.759643
CA,Mammoth Lakes town,37.624435,-118.988432
CA,Manchester CDP,38.974384,-123.690961
CA,Manhattan Beach city,33.90087,-118.420715
CA,Manila CDP,40.850897,-124.163193
CA,Manteca city,37.790498,-121.230626
CA,Manton CDP,40.426679,-121.850421
CA,March ARB CDP,33.889184,-117.277729
CA,Maricopa city,35.050942,-119.406605
CA,Marina city,36.680256,-121.789368
CA,Marina del Rey CDP,33.976373,-118.450888
CA,Marin City CDP,37.871156,-122.513736
CA,Mariposa CDP,37.491217,-119.973216
CA,Markleeville CDP,38.684002,-119.822738
CA,Martell CDP,38.367328,-120.807187
CA,Martinez city,37.998116,-122.114419
CA,Marysville city,39.151535,-121.583374
CA,Matheny CDP,36.170646,-119.351608
CA,Mather CDP,38.548362,-121.283841
CA,Maxwell CDP,39.277078,-122.194676
CA,Mayfair CDP,36.769346,-119.761263
CA,Mayflower Village CDP,34.115931,-118.009581
CA,Maywood city,33.988548,-118.187707
CA,Meadowbrook CDP,33.725782,-117.285086
CA,Meadow Valley CDP,39.932312,-121.083086
CA,Meadow Vista CDP,39.001718,-121.037582
CA,Mead Valley CDP,33.833311,-117.2852
CA,Mecca CDP,33.576566,-116.064661
CA,Meiners Oaks CDP,34.455349,-119.270166
CA,Mendocino CDP,39.312451,-123.792402
CA,Mendota city,36.757595,-120.380474
CA,Menifee city,33.689858,-117.184383
CA,Menlo Park city,37.479731,-122.148055
CA,Mentone CDP,34.060639,-117.11502
CA,Merced city,37.305721,-120.477907
CA,Meridian CDP,39.140437,-121.9079
CA,Mesa CDP,37.416833,-118.539115
CA,Mesa Verde CDP,33.5957,-114.731604
CA,Mesa Vista CDP,38.810287,-119.803267
CA,Mettler CDP,35.063563,-118.97298
CA,Mexican Colony CDP,35.46893,-119.268712
CA,Meyers CDP,38.834787,-120.01856
CA,Middletown CDP,38.751877,-122.622103
CA,Midpines CDP,37.553411,-119.928791
CA,Midway City CDP,33.745119,-117.984843
CA,Milford CDP,40.149467,-120.370196
CA,Millbrae city,37.59897,-122.401991
CA,Millerton CDP,36.976926,-119.665775
CA,Mill Valley city,37.908122,-122.542325
CA,Millville CDP,40.559569,-122.175569
CA,Milpitas city,37.433136,-121.890934
CA,Mineral CDP,40.402713,-121.550844
CA,Minkler CDP,36.727624,-119.45885
CA,Mira Monte CDP,34.431119,-119.287201
CA,Miranda CDP,40.228687,-123.817584
CA,Mission Canyon CDP,34.456253,-119.717041
CA,Mission Hills CDP,34.688779,-120.43975
CA,Mission Viejo city,33.609335,-117.656471
CA,Mi-Wuk Village CDP,38.057735,-120.176698
CA,Modesto city,37.637533,-121.003049
CA,Modjeska CDP,33.709133,-117.629704
CA,Mohawk Vista CDP,39.804822,-120.588312
CA,Mojave CDP,35.014995,-118.190209
CA,Mokelumne Hill CDP,38.308484,-120.705617
CA,Monmouth CDP,36.565621,-119.740475
CA,Mono City CDP,38.032123,-119.147399
CA,Mono Vista CDP,38.013432,-120.270048
CA,Monrovia city,34.163984,-117.984646
CA,Monson CDP,36.49242,-119.33612
CA,Montague city,41.727088,-122.530511
CA,Montalvin Manor CDP,37.997583,-122.330093
CA,Montara CDP,37.548263,-122.492362
CA,Montclair city,34.071493,-117.69808
CA,Montebello city,34.015444,-118.111012
CA,Montecito CDP,34.418642,-119.633117
CA,Monterey city,36.601193,-121.88311
CA,Monterey Park city,34.04838,-118.133165
CA,Monterey Park Tract CDP,37.526814,-121.011487
CA,Monte Rio CDP,38.473611,-123.026178
CA,Monte Sereno city,37.24041,-121.988235
CA,Montgomery Creek CDP,40.842838,-121.920661
CA,Monument Hills CDP,38.664105,-121.875389
CA,Moorpark city,34.285942,-118.87704
CA,Morada CDP,38.038626,-121.245892
CA,Moraga town,37.845693,-122.123217
CA,Moreno Valley city,33.923253,-117.205685
CA,Morgan Hill city,37.132495,-121.641891
CA,Morongo Valley CDP,34.072377,-116.562727
CA,Morro Bay city,35.366773,-120.868289
CA,Moskowite Corner CDP,38.443874,-122.19199
CA,Moss Beach CDP,37.51333,-122.498389
CA,Moss Landing CDP,36.805389,-121.786577
CA,Mountain Center CDP,33.710749,-116.723312
CA,Mountain Gate CDP,40.718456,-122.326225
CA,Mountain House CDP,37.767301,-121.544934
CA,Mountain Meadows CDP,35.093565,-118.432687
CA,Mountain Mesa CDP,35.641137,-118.404645
CA,Mountain Ranch CDP,38.211721,-120.531115
CA,Mountain View CDP,38.009205,-122.11685
CA,Mountain View city,37.399686,-122.079269
CA,Mountain View Acres CDP,34.497558,-117.347173
CA,Mt. Bullion CDP,37.508618,-120.042081
CA,Mount Hebron CDP,41.785573,-122.0079
CA,Mount Hermon CDP,37.051032,-122.053348
CA,Mount Laguna CDP,32.871105,-116.424687
CA,Mount Shasta city,41.32088,-122.315481
CA,Muir Beach CDP,37.861565,-122.580322
CA,Murphys CDP,38.136093,-120.443942
CA,Murrieta city,33.573214,-117.191007
CA,Muscoy CDP,34.155176,-117.347721
CA,Myers Flat CDP,40.265478,-123.875548
CA,Myrtletown CDP,40.788731,-124.130658
CA,Napa city,38.297872,-122.300741
CA,National City city,32.665862,-117.097361
CA,Needles city,34.813426,-114.626639
CA,Nevada City city,39.259608,-121.033326
CA,Newark city,37.504253,-122.03191
CA,Newcastle CDP,38.866731,-121.131984
CA,New Cuyama CDP,34.943057,-119.682018
CA,Newell CDP,41.888731,-121.360249
CA,Newman city,37.316128,-121.021424
CA,New Pine Creek CDP,41.98727,-120.300964
CA,Newport Beach city,33.597332,-117.890352
CA,Nicasio CDP,38.060622,-122.700822
CA,Nice CDP,39.126181,-122.85533
CA,Nicolaus CDP,38.89819,-121.572837
CA,Niland CDP,33.238708,-115.51444
CA,Nipinnawasee CDP,37.403053,-119.729269
CA,Nipomo CDP,35.03066,-120.497757
CA,Norco city,33.925519,-117.551958
CA,Nord CDP,39.773787,-121.954903
CA,Norris Canyon CDP,37.745757,-121.988091
CA,North Auburn CDP,38.930693,-121.081081
CA,North Edwards CDP,35.047332,-117.809362
CA,North El Monte CDP,34.102927,-118.023862
CA,North Fair Oaks CDP,37.475426,-122.203459
CA,North Fork CDP,37.234632,-119.521038
CA,North Gate CDP,37.905513,-121.997879
CA,North Highlands CDP,38.671331,-121.372134
CA,North Lakeport CDP,39.086632,-122.909442
CA,North Richmond CDP,37.965269,-122.370649
CA,North San Juan CDP,39.37181,-121.106079
CA,North Shore CDP,33.514576,-115.910959
CA,North Tustin CDP,33.763544,-117.794717
CA,Norwalk city,33.9076,-118.083453
CA,Novato city,38.085087,-122.548272
CA,Nubieber CDP,41.096627,-121.182163
CA,Nuevo CDP,33.801137,-117.141382
CA,Oakdale city,37.761666,-120.846434
CA,Oak Glen CDP,34.041043,-116.962307
CA,Oak Hills CDP,34.389944,-117.403094
CA,Oakhurst CDP,37.341396,-119.626215
CA,Oakland city,37.769846,-122.22569
CA,Oakley city,37.996149,-121.693624
CA,Oak Park CDP,34.184984,-118.76694
CA,Oak Run CDP,40.694196,-122.025008
CA,Oak Shores CDP,35.760759,-120.982825
CA,Oak View CDP,34.403037,-119.29895
CA,Oakville CDP,38.438373,-122.406773
CA,Oasis CDP,33.527529,-116.126093
CA,Occidental CDP,38.400372,-122.934946
CA,Oceano CDP,35.101608,-120.608217
CA,Oceanside city,33.224601,-117.306291
CA,Ocotillo CDP,32.743126,-116.001879
CA,Oildale CDP,35.42926,-119.030576
CA,Ojai city,34.449199,-119.246664
CA,Olancha CDP,36.269787,-118.001258
CA,Olde Stockdale CDP,35.347599,-119.079372
CA,Old Fig Garden CDP,36.798841,-119.805125
CA,Old River CDP,35.267123,-119.105523
CA,Old Station CDP,40.673204,-121.413348
CA,Old Stine CDP,35.347751,-119.046923
CA,Olivehurst CDP,39.079461,-121.556659
CA,Ono CDP,40.478117,-122.625491
CA,Ontario city,34.037648,-117.604433
CA,Onyx CDP,35.67022,-118.227163
CA,Orange city,33.786971,-117.861265
CA,Orange Blossom CDP,37.814722,-120.687332
CA,Orange Cove city,36.621371,-119.318737
CA,Orangevale CDP,38.689359,-121.223077
CA,Orcutt CDP,34.869235,-120.421684
CA,Orick CDP,41.290216,-124.070302
CA,Orinda city,37.88161,-122.168595
CA,Orland city,39.746146,-122.185731
CA,Orosi CDP,36.543271,-119.291419
CA,Oroville city,39.495423,-121.560069
CA,Oroville East CDP,39.49362,-121.483755
CA,Oxnard city,34.199436,-119.207515
CA,Pacheco CDP,37.987852,-122.069828
CA,Pacifica city,37.606598,-122.47723
CA,Pacific Grove city,36.622577,-121.92643
CA,Pajaro CDP,36.901659,-121.74173
CA,Pajaro Dunes CDP,36.868212,-121.805697
CA,Pala CDP,33.363926,-117.067785
CA,Palermo CDP,39.430695,-121.522884
CA,Palmdale city,34.591038,-118.105403
CA,Palm Desert city,33.737635,-116.364145
CA,Palm Springs city,33.803361,-116.53828
CA,Palo Alto city,37.39652,-122.143088
CA,Palo Cedro CDP,40.566236,-122.242837
CA,Paloma CDP,38.260552,-120.764426
CA,Palos Verdes Estates city,33.774271,-118.425754
CA,Palo Verde CDP,33.427843,-114.727095
CA,Panorama Heights CDP,35.806768,-118.627053
CA,Paradise town,39.754192,-121.6064
CA,Paradise CDP,37.482853,-118.602213
CA,Paradise Park CDP,37.006297,-122.042413
CA,Paramount city,33.898883,-118.166629
CA,Parklawn CDP,37.607091,-120.980386
CA,Parksdale CDP,36.946491,-120.021168
CA,Parkway CDP,38.499293,-121.452011
CA,Parkwood CDP,36.929255,-120.048139
CA,Parlier city,36.608899,-119.543656
CA,Pasadena city,34.160602,-118.137954
CA,Pasatiempo CDP,37.003338,-122.026474
CA,Paskenta CDP,39.883275,-122.545834
CA,Patterson city,37.475876,-121.153882
CA,Patterson Tract CDP,36.379521,-119.295604
CA,Patton Village CDP,40.140724,-120.178123
CA,Paxton CDP,40.033606,-121.002569
CA,Paynes Creek CDP,40.3419,-121.924974
CA,Pearsonville CDP,35.822945,-117.87825
CA,Penngrove CDP,38.300619,-122.670641
CA,Penn Valley CDP,39.195297,-121.194153
CA,Penryn CDP,38.848218,-121.169809
CA,Pepperdine University CDP,34.042278,-118.709182
CA,Perris city,33.789849,-117.222171
CA,Pescadero CDP,37.244894,-122.378866
CA,Petaluma city,38.242251,-122.628769
CA,Petaluma Center CDP,38.250652,-122.788841
CA,Peters CDP,37.976157,-121.043809
CA,Phelan CDP,34.439816,-117.524829
CA,Phillipsville CDP,40.210704,-123.781212
CA,Philo CDP,39.065757,-123.445063
CA,Phoenix Lake CDP,38.011347,-120.309
CA,Pico Rivera city,33.989524,-118.089295
CA,Piedmont city,37.822545,-122.230024
CA,Pierpoint CDP,36.140468,-118.629615
CA,Pike CDP,39.427843,-120.999682
CA,Pine Canyon CDP,36.172072,-121.143013
CA,Pine Flat CDP,35.875355,-118.643832
CA,Pine Grove CDP,38.40304,-120.657087
CA,Pine Hills CDP,40.732892,-124.161095
CA,Pine Mountain Club CDP,34.840895,-119.168541
CA,Pine Mountain Lake CDP,37.85954,-120.181662
CA,Pine Valley CDP,32.841513,-116.510706
CA,Pinole city,38.001702,-122.318488
CA,Piñon Hills CDP,34.445607,-117.623563
CA,Pioneer CDP,38.433759,-120.586077
CA,Piru CDP,34.405678,-118.805097
CA,Pismo Beach city,35.153173,-120.673874
CA,Pittsburg city,38.016771,-121.896948
CA,Pixley CDP,35.976823,-119.30019
CA,Placentia city,33.881158,-117.854783
CA,Placerville city,38.731116,-120.797677
CA,Plainview CDP,36.143028,-119.13534
CA,Planada CDP,37.290207,-120.321637
CA,Platina CDP,40.359052,-122.904244
CA,Pleasant Hill city,37.954163,-122.075772
CA,Pleasanton city,37.667185,-121.88123
CA,Pleasure Point CDP,36.959718,-121.970036
CA,Plumas Eureka CDP,39.798242,-120.664441
CA,Plumas Lake CDP,38.979131,-121.558056
CA,Plymouth city,38.471741,-120.857194
CA,Point Arena city,38.912306,-123.695609
CA,Point Reyes Station CDP,38.084647,-122.809226
CA,Pollock Pines CDP,38.757641,-120.590957
CA,Pomona city,34.058494,-117.761091
CA,Ponderosa CDP,36.104693,-118.531915
CA,Poplar-Cotton Center CDP,36.057716,-119.150181
CA,Port Costa CDP,38.044543,-122.184942
CA,Porterville city,36.063542,-119.0336
CA,Port Hueneme city,34.162143,-119.204177
CA,Portola city,39.820799,-120.474293
CA,Portola Valley town,37.365191,-122.232724
CA,Posey CDP,35.805263,-118.682639
CA,Poso Park CDP,35.811272,-118.636537
CA,Post Mountain CDP,40.415949,-123.231604
CA,Potomac Park CDP,35.363538,-118.964963
CA,Potrero CDP,32.613089,-116.606815
CA,Potter Valley CDP,39.317141,-123.10986
CA,Poway city,32.987677,-117.021814
CA,Prattville CDP,40.206005,-121.157456
CA,Princeton CDP,39.401598,-122.01936
CA,Proberta CDP,40.076157,-122.177609
CA,Prunedale CDP,36.811747,-121.65496
CA,Pumpkin Center CDP,35.265301,-119.03241
CA,Quartz Hill CDP,34.651988,-118.215945
CA,Quincy CDP,39.931017,-120.954886
CA,Rackerby CDP,39.426114,-121.35419
CA,Rail Road Flat CDP,38.335576,-120.550131
CA,Rainbow CDP,33.409873,-117.13944
CA,Raisin City CDP,36.603262,-119.909158
CA,Ramona CDP,33.045811,-116.877546
CA,Rancho Calaveras CDP,38.133305,-120.861766
CA,Rancho Cordova city,38.577079,-121.236187
CA,Rancho Cucamonga city,34.130306,-117.566067
CA,Rancho Mirage city,33.763838,-116.430388
CA,Rancho Mission Viejo CDP,33.514003,-117.561795
CA,Rancho Murieta CDP,38.500701,-121.074021
CA,Rancho Palos Verdes city,33.738517,-118.369685
CA,Rancho San Diego CDP,32.762405,-116.919691
CA,Rancho Santa Fe CDP,33.025814,-117.198148
CA,Rancho Santa Margarita city,33.632332,-117.599008
CA,Rancho Tehama Reserve CDP,40.004003,-122.42834
CA,Randsburg CDP,35.368658,-117.660322
CA,Red Bluff city,40.173515,-122.241525
CA,Red Corral CDP,38.412132,-120.607102
CA,Redcrest CDP,40.398775,-123.947415
CA,Redding city,40.570277,-122.366766
CA,Redlands city,34.053506,-117.170476
CA,Redondo Beach city,33.849538,-118.400755
CA,Redway CDP,40.120223,-123.821777
CA,Redwood City city,37.515274,-122.213672
CA,Redwood Valley CDP,39.268548,-123.202758
CA,Reedley city,36.599374,-119.447781
CA,Reliez Valley CDP,37.939888,-122.102695
CA,Rexland Acres CDP,35.305053,-118.996992
CA,Rialto city,34.117419,-117.389215
CA,Richfield CDP,39.973801,-122.173234
CA,Richgrove CDP,35.796612,-119.106903
CA,Richmond city,37.952278,-122.360609
CA,Richvale CDP,39.493735,-121.750766
CA,Ridgecrest city,35.628542,-117.663992
CA,Ridgecrest Heights CDP,35.6019,-117.70418
CA,Ridgemark CDP,36.808241,-121.36228
CA,Rio Dell city,40.49557,-124.115163
CA,Rio del Mar CDP,36.957899,-121.884823
CA,Rio Linda CDP,38.687502,-121.441682
CA,Rio Oso CDP,38.951823,-121.530974
CA,Rio Vista city,38.176672,-121.703406
CA,Ripley CDP,33.523788,-114.652992
CA,Ripon city,37.742007,-121.130373
CA,Riverbank city,37.726022,-120.94484
CA,Riverdale CDP,36.430402,-119.867178
CA,Riverdale Park CDP,37.602223,-121.039491
CA,Rivergrove CDP,35.440294,-118.941085
CA,River Pines CDP,38.545458,-120.742909
CA,Riverside city,33.938143,-117.393168
CA,Robbins CDP,38.866948,-121.707092
CA,Robinson Mill CDP,39.485626,-121.320164
CA,Rocklin city,38.806868,-121.249696
CA,Rodeo CDP,38.036605,-122.253956
CA,Rodriguez Camp CDP,35.808986,-119.138822
CA,Rohnert Park city,38.347617,-122.700896
CA,Rolling Hills city,33.760016,-118.347168
CA,Rolling Hills CDP,36.903962,-119.796624
CA,Rolling Hills Estates city,33.778442,-118.327432
CA,Rollingwood CDP,37.965347,-122.330608
CA,Romoland CDP,33.764806,-117.157107
CA,Rosamond CDP,34.865627,-118.214767
CA,Rosedale CDP,35.388608,-119.205742
CA,Rose Hills CDP,34.009012,-118.041909
CA,Rosemead city,34.06888,-118.08268
CA,Rosemont CDP,38.547729,-121.355371
CA,Roseville city,38.770296,-121.319634
CA,Ross town,37.963821,-122.561614
CA,Rossmoor CDP,33.788691,-118.080326
CA,Rough and Ready CDP,39.234023,-121.138022
CA,Round Mountain CDP,40.797463,-121.937988
CA,Round Valley CDP,37.414163,-118.572273
CA,Rouse CDP,37.619513,-121.008371
CA,Rowland Heights CDP,33.970313,-117.890568
CA,Rumsey CDP,38.893308,-122.243647
CA,Running Springs CDP,34.211362,-117.104572
CA,Ruth CDP,40.293849,-123.348335
CA,Rutherford CDP,38.458864,-122.428831
CA,Sacramento city,38.567694,-121.468161
CA,Sage CDP,33.594066,-116.910385
CA,St. Helena city,38.512806,-122.468076
CA,Salida CDP,37.709123,-121.084825
CA,Salinas city,36.690217,-121.633793
CA,Salmon Creek CDP,38.346212,-123.059329
CA,Salton City CDP,33.299426,-115.960947
CA,Salton Sea Beach CDP,33.375855,-116.011475
CA,Salyer CDP,40.876768,-123.573501
CA,Samoa CDP,40.814609,-124.189215
CA,San Andreas CDP,38.192691,-120.67318
CA,San Anselmo town,37.982117,-122.569921
CA,San Antonio Heights CDP,34.15642,-117.658705
CA,San Ardo CDP,36.023699,-120.907307
CA,San Bernardino city,34.14114,-117.294635
CA,San Bruno city,37.62556,-122.431397
CA,San Buenaventura (Ventura) city,34.26778,-119.254206
CA,San Carlos city,37.499034,-122.267572
CA,San Clemente city,33.449143,-117.61312
CA,Sand City city,36.62177,-121.847668
CA,San Diego city,32.814977,-117.135562
CA,San Diego Country Estates CDP,33.009376,-116.787314
CA,San Dimas city,34.107957,-117.808529
CA,San Fernando city,34.288652,-118.436243
CA,San Francisco city,37.727239,-123.032229
CA,San Gabriel city,34.094636,-118.098469
CA,Sanger city,36.701219,-119.557396
CA,San Geronimo CDP,38.006713,-122.663266
CA,San Jacinto city,33.798864,-116.995914
CA,San Joaquin city,36.60559,-120.189766
CA,San Jose city,37.296011,-121.814552
CA,San Juan Bautista city,36.845132,-121.536949
CA,San Juan Capistrano city,33.500889,-117.654388
CA,San Leandro city,37.703368,-122.163036
CA,San Lorenzo CDP,37.6759,-122.135973
CA,San Lucas CDP,36.128349,-121.021732
CA,San Luis Obispo city,35.266195,-120.668438
CA,San Marcos city,33.132567,-117.169892
CA,San Marino city,34.122671,-118.112911
CA,San Martin CDP,37.082881,-121.596322
CA,San Mateo city,37.56031,-122.3106
CA,San Miguel CDP,37.886699,-122.036833
CA,San Miguel CDP,35.753402,-120.692392
CA,San Pablo city,37.962861,-122.342581
CA,San Pasqual CDP,34.139222,-118.102524
CA,San Rafael city,37.981003,-122.50693
CA,San Ramon city,37.765258,-121.931987
CA,San Simeon CDP,35.618206,-121.137438
CA,Santa Ana city,33.736332,-117.8829
CA,Santa Barbara city,34.403592,-119.713714
CA,Santa Clara city,37.364621,-121.967973
CA,Santa Clarita city,34.416504,-118.500693
CA,Santa Cruz city,36.974385,-122.035268
CA,Santa Fe Springs city,33.933565,-118.062611
CA,Santa Margarita CDP,35.389426,-120.608159
CA,Santa Maria city,34.933076,-120.443559
CA,Santa Monica city,34.010911,-118.498245
CA,Santa Nella CDP,37.101219,-121.015697
CA,Santa Paula city,34.354941,-119.066271
CA,Santa Rosa city,38.445824,-122.706181
CA,Santa Rosa Valley CDP,34.245903,-118.901784
CA,Santa Susana CDP,34.258582,-118.664319
CA,Santa Venetia CDP,38.005538,-122.502811
CA,Santa Ynez CDP,34.617457,-120.096355
CA,Santee city,32.85499,-116.986056
CA,Saranap CDP,37.887818,-122.076142
CA,Saratoga city,37.268326,-122.02622
CA,Saticoy CDP,34.282469,-119.142844
CA,Sattley CDP,39.629945,-120.437275
CA,Sausalito city,37.858369,-122.491844
CA,Scotia CDP,40.478813,-124.104651
CA,Scotts Valley city,37.055499,-122.011769
CA,Seacliff CDP,36.977344,-121.918615
CA,Seal Beach city,33.754399,-118.07132
CA,Sea Ranch CDP,38.725274,-123.458314
CA,Searles Valley CDP,35.770048,-117.396676
CA,Seaside city,36.625058,-121.817804
CA,Sebastopol city,38.400003,-122.827586
CA,Seeley CDP,32.790475,-115.684982
CA,Selma city,36.571768,-119.613952
CA,Sequoia Crest CDP,36.185882,-118.625635
CA,Sereno del Mar CDP,38.383671,-123.073148
CA,Seville CDP,36.483533,-119.225868
CA,Shafter city,35.479421,-119.201285
CA,Shandon CDP,35.653609,-120.383148
CA,Shasta CDP,40.592021,-122.477899
CA,Shasta Lake city,40.676564,-122.380909
CA,Shaver Lake CDP,37.099184,-119.325677
CA,Sheep Ranch CDP,38.207433,-120.460192
CA,Shell Ridge CDP,37.905919,-122.034399
CA,Shelter Cove CDP,40.038954,-124.055825
CA,Sheridan CDP,38.973111,-121.350946
CA,Shingle Springs CDP,38.665855,-120.936208
CA,Shingletown CDP,40.506094,-121.855665
CA,Shoshone CDP,35.96723,-116.30877
CA,Sierra Brooks CDP,39.642592,-120.215387
CA,Sierra City CDP,39.572658,-120.627617
CA,Sierra Madre city,34.168771,-118.050216
CA,Sierra Village CDP,38.075627,-120.159336
CA,Sierraville CDP,39.582232,-120.362065
CA,Signal Hill city,33.803461,-118.169735
CA,Silverado CDP,33.748176,-117.628479
CA,Silverado Resort CDP,38.356302,-122.256334
CA,Silver City CDP,36.466306,-118.649508
CA,Silver Lakes CDP,34.74782,-117.344966
CA,Simi Valley city,34.266887,-118.748458
CA,Sisquoc CDP,34.861817,-120.294395
CA,Sky Valley CDP,33.891237,-116.35504
CA,Sleepy Hollow CDP,38.012039,-122.587686
CA,Smartsville CDP,39.205273,-121.292916
CA,Smith Corner CDP,35.478831,-119.277123
CA,Smith River CDP,41.923802,-124.147825
CA,Snelling CDP,37.52445,-120.436319
CA,Soda Bay CDP,39.002431,-122.779476
CA,Soda Springs CDP,39.324788,-120.378665
CA,Solana Beach city,32.9913,-117.258062
CA,Soledad city,36.434522,-121.317759
CA,Solvang city,34.593758,-120.13968
CA,Somis CDP,34.265263,-118.998406
CA,Sonoma city,38.290331,-122.459831
CA,Sonoma State University CDP,38.340565,-122.672884
CA,Sonora city,37.981707,-120.382755
CA,Soquel CDP,36.997762,-121.948248
CA,Soulsbyville CDP,37.991289,-120.262791
CA,South Dos Palos CDP,36.970701,-120.646731
CA,South El Monte city,34.050377,-118.048384
CA,South Gate city,33.944159,-118.192761
CA,South Lake Tahoe city,38.928218,-119.981
CA,South Monrovia Island CDP,34.123421,-117.995864
CA,South Oroville CDP,39.476554,-121.543878
CA,South Pasadena city,34.108957,-118.156615
CA,South San Francisco city,37.655104,-122.376234
CA,South San Gabriel CDP,34.047794,-118.095678
CA,South San Jose Hills CDP,34.012332,-117.904363
CA,South Taft CDP,35.129308,-119.4575
CA,South Whittier CDP,33.93308,-118.030771
CA,Spaulding CDP,40.655664,-120.78626
CA,Spreckels CDP,36.624716,-121.646487
CA,Spring Garden CDP,39.891971,-120.786617
CA,Spring Valley CDP,39.076053,-122.584512
CA,Spring Valley CDP,32.729948,-116.976401
CA,Spring Valley Lake CDP,34.496818,-117.267587
CA,Springville CDP,36.120867,-118.822825
CA,Squaw Valley CDP,36.719141,-119.202677
CA,Squirrel Mountain Valley CDP,35.617524,-118.404668
CA,Stallion Springs CDP,35.092016,-118.657649
CA,Stanford CDP,37.426933,-122.167741
CA,Stanton city,33.800233,-117.993449
CA,Stebbins CDP,35.40565,-119.314178
CA,Stevenson Ranch CDP,34.38772,-118.584359
CA,Stevinson CDP,37.324664,-120.849664
CA,Stinson Beach CDP,37.902485,-122.650116
CA,Stirling City CDP,39.904971,-121.537263
CA,Stockton city,37.976553,-121.308598
CA,Stones Landing CDP,40.691549,-120.734628
CA,Stonyford CDP,39.369492,-122.543808
CA,Stratford CDP,36.188464,-119.822247
CA,Strathmore CDP,36.146117,-119.064341
CA,Strawberry CDP,37.89125,-122.509166
CA,Strawberry CDP,38.198384,-120.010343
CA,Sugarloaf Saw Mill CDP,35.834299,-118.616541
CA,Sugarloaf Village CDP,35.826851,-118.635447
CA,Suisun City city,38.248334,-122.010066
CA,Sultana CDP,36.545511,-119.337736
CA,Summerland CDP,34.417182,-119.587494
CA,Sunnyside CDP,36.729479,-119.694438
CA,Sunnyside-Tahoe City CDP,39.148318,-120.170938
CA,Sunny Slopes CDP,37.569376,-118.675836
CA,Sunnyvale city,37.385797,-122.026316
CA,Sunol CDP,37.585935,-121.880456
CA,Sun Village CDP,34.559524,-117.956758
CA,Susanville city,40.433674,-120.628306
CA,Sutter CDP,39.155596,-121.749265
CA,Sutter Creek city,38.392445,-120.798969
CA,Swall Meadows CDP,37.50606,-118.642656
CA,Taft city,35.126696,-119.424194
CA,Taft Heights CDP,35.13375,-119.47114
CA,Taft Mosswood CDP,37.911954,-121.282166
CA,Tahoe Vista CDP,39.2468,-120.058578
CA,Tahoma CDP,39.058245,-120.142067
CA,Talmage CDP,39.131198,-123.163838
CA,Tamalpais-Homestead Valley CDP,37.879129,-122.537889
CA,Tancred CDP,38.761859,-122.154696
CA,Tara Hills CDP,37.993845,-122.318781
CA,Tarina CDP,35.3807,-118.817088
CA,Tarpey Village CDP,36.794082,-119.701193
CA,Taylorsville CDP,40.058662,-120.838675
CA,Tecopa CDP,35.820581,-116.205051
CA,Tehachapi city,35.142959,-118.446036
CA,Tehama city,40.021776,-122.126901
CA,Temecula city,33.493073,-117.131734
CA,Temelec CDP,38.257755,-122.498198
CA,Temescal Valley CDP,33.758003,-117.467159
CA,Temple City city,34.102156,-118.057971
CA,Templeton CDP,35.556024,-120.718166
CA,Tennant CDP,41.578884,-121.917464
CA,Terminous CDP,38.115256,-121.489558
CA,Terra Bella CDP,35.960011,-119.038528
CA,Teviston CDP,35.928872,-119.278332
CA,Thermal CDP,33.626195,-116.130834
CA,Thermalito CDP,39.508933,-121.601116
CA,Thornton CDP,38.229659,-121.426063
CA,Thousand Oaks city,34.19329,-118.874235
CA,Thousand Palms CDP,33.815006,-116.354481
CA,Three Rivers CDP,36.440041,-118.88028
CA,Three Rocks CDP,36.505148,-120.393534
CA,Tiburon town,37.886768,-122.462619
CA,Timber Cove CDP,38.541089,-123.258786
CA,Tipton CDP,36.057233,-119.313525
CA,Tobin CDP,39.935798,-121.296491
CA,Tomales CDP,38.24703,-122.905355
CA,Tonyville CDP,36.247382,-119.090352
CA,Tooleville CDP,36.287753,-119.115435
CA,Topanga CDP,34.096777,-118.606021
CA,Topaz CDP,38.638059,-119.501807
CA,Toro Canyon CDP,34.423004,-119.560729
CA,Torrance city,33.830453,-118.356618
CA,Trabuco Canyon CDP,33.678228,-117.594009
CA,Tracy city,37.727396,-121.452195
CA,Tranquillity CDP,36.648007,-120.252542
CA,Traver CDP,36.454111,-119.48373
CA,Tres Pinos CDP,36.790382,-121.310564
CA,Trinidad city,41.057708,-124.143255
CA,Trinity Center CDP,40.984064,-122.708325
CA,Trinity Village CDP,40.878916,-123.513207
CA,Trona CDP,35.815821,-117.347348
CA,Trowbridge CDP,38.926385,-121.514845
CA,Truckee town,39.350548,-120.193943
CA,Tulare city,36.200246,-119.339775
CA,Tulelake city,41.95346,-121.474897
CA,Tuolumne City CDP,37.962652,-120.241986
CA,Tupman CDP,35.298743,-119.357674
CA,Turlock city,37.505524,-120.859269
CA,Tustin city,33.73092,-117.810599
CA,Tuttle CDP,37.296508,-120.378867
CA,Tuttletown CDP,38.010436,-120.441246
CA,Twain CDP,40.035503,-121.040363
CA,Twain Harte CDP,38.036943,-120.233918
CA,Twentynine Palms city,34.147817,-116.065959
CA,Twin Lakes CDP,38.162886,-119.341063
CA,Twin Lakes CDP,36.961378,-121.991748
CA,Ukiah city,39.147519,-123.204903
CA,Union City city,37.602759,-122.01884
CA,University of California-Davis CDP,38.537704,-121.7579
CA,University of California-Merced CDP,37.364083,-120.418831
CA,University of California-Santa Barbara CDP,34.417825,-119.846713
CA,Upland city,34.116073,-117.659922
CA,Upper Lake CDP,39.16505,-122.905182
CA,Vacaville city,38.358621,-121.968601
CA,Valinda CDP,34.040033,-117.930057
CA,Vallecito CDP,38.083203,-120.468331
CA,Vallejo city,38.106909,-122.262339
CA,Valle Vista CDP,33.743363,-116.888783
CA,Valley Acres CDP,35.208668,-119.410651
CA,Valley Center CDP,33.232994,-117.015763
CA,Valley Ford CDP,38.32456,-122.914733
CA,Valley Home CDP,37.827241,-120.914343
CA,Valley Ranch CDP,39.740342,-120.564895
CA,Valley Springs CDP,38.189378,-120.825279
CA,Valley Wells CDP,35.880729,-117.335676
CA,Val Verde CDP,34.450423,-118.671784
CA,Vandenberg AFB CDP,34.727986,-120.506467
CA,Vandenberg Village CDP,34.71174,-120.461933
CA,Verdi CDP,39.526969,-120.023394
CA,Vernon city,34.001123,-118.210869
CA,Victor CDP,38.138465,-121.19876
CA,Victorville city,34.527735,-117.353579
CA,View Park-Windsor Hills CDP,33.994472,-118.347762
CA,Villa Park city,33.817985,-117.811293
CA,Vina CDP,39.93418,-122.051706
CA,Vincent CDP,34.098268,-117.923801
CA,Vine Hill CDP,38.007117,-122.087297
CA,Vineyard CDP,38.474035,-121.323995
CA,Virginia Lakes CDP,38.043473,-119.259877
CA,Visalia city,36.32803,-119.328519
CA,Vista city,33.189528,-117.238582
CA,Vista Santa Rosa CDP,33.621451,-116.208816
CA,Volcano CDP,38.450614,-120.621768
CA,Volta CDP,37.082353,-120.91448
CA,Walker CDP,38.518502,-119.473051
CA,Wallace CDP,38.199838,-120.964242
CA,Walnut city,34.037195,-117.855606
CA,Walnut Creek city,37.902666,-122.040479
CA,Walnut Grove CDP,38.250594,-121.534973
CA,Walnut Park CDP,33.968233,-118.221948
CA,Warm Springs CDP,33.706681,-117.334347
CA,Warner Valley CDP,40.404355,-121.340562
CA,Wasco city,35.593785,-119.367101
CA,Washington CDP,39.359158,-120.790497
CA,Waterford city,37.642685,-120.754152
CA,Waterloo CDP,38.036452,-121.184555
CA,Watsonville city,36.923587,-121.772395
CA,Waukena CDP,36.139104,-119.510973
CA,Wautec CDP,41.354315,-123.862288
CA,Wawona CDP,37.544674,-119.638674
CA,Weaverville CDP,40.740655,-122.929022
CA,Weed city,41.412087,-122.380966
CA,Weedpatch CDP,35.235892,-118.909561
CA,Weitchpec CDP,41.194593,-123.688847
CA,Weldon CDP,35.644103,-118.309088
CA,Weott CDP,40.322772,-123.920622
CA,West Athens CDP,33.923453,-118.303301
CA,West Bishop CDP,37.362768,-118.475046
CA,West Carson CDP,33.823139,-118.293685
CA,West Covina city,34.055941,-117.909937
CA,West Goshen CDP,36.349183,-119.457374
CA,Westhaven-Moonstone CDP,41.036117,-124.09083
CA,West Hollywood city,34.088268,-118.371831
CA,Westlake Village city,34.136675,-118.817367
CA,Westley CDP,37.546908,-121.200915
CA,West Menlo Park CDP,37.433824,-122.20342
CA,Westminster city,33.752292,-117.993868
CA,West Modesto CDP,37.617519,-121.032828
CA,Westmont CDP,33.941682,-118.301834
CA,Westmorland city,33.038996,-115.622441
CA,West Park CDP,36.705526,-119.851548
CA,West Point CDP,38.406819,-120.542592
CA,West Puente Valley CDP,34.05228,-117.966717
CA,West Rancho Dominguez CDP,33.904332,-118.267777
CA,West Sacramento city,38.554368,-121.548663
CA,Westside CDP,36.404202,-120.134326
CA,West Whittier-Los Nietos CDP,33.975998,-118.068929
CA,Westwood CDP,40.30522,-121.003503
CA,Wheatland city,39.031163,-121.389996
CA,Whitehawk CDP,39.720609,-120.553583
CA,Whitewater CDP,33.93559,-116.687212
CA,Whitley Gardens CDP,35.656322,-120.508112
CA,Whitmore CDP,40.61251,-121.935906
CA,Whittier city,33.966827,-118.020122
CA,Wildomar city,33.617278,-117.258312
CA,Wilkerson CDP,37.277339,-118.391588
CA,Williams city,39.14978,-122.138968
CA,Williams Canyon CDP,33.728913,-117.639438
CA,Willits city,39.405006,-123.348889
CA,Willowbrook CDP,33.920834,-118.236915
CA,Willow Creek CDP,40.93933,-123.6411
CA,Willows city,39.514752,-122.199178
CA,Wilseyville CDP,38.376483,-120.486844
CA,Wilsonia CDP,36.734598,-118.955847
CA,Wilton CDP,38.412977,-121.212718
CA,Winchester CDP,33.71463,-117.077398
CA,Windsor town,38.542099,-122.808613
CA,Winter Gardens CDP,32.837512,-116.926555
CA,Winterhaven CDP,32.737183,-114.637798
CA,Winters city,38.533271,-121.975473
CA,Winton CDP,37.385427,-120.617364
CA,Wofford Heights CDP,35.714951,-118.472664
CA,Woodacre CDP,38.005174,-122.63831
CA,Woodbridge CDP,38.172065,-121.308915
CA,Woodcrest CDP,33.878946,-117.368671
CA,Woodlake city,36.412828,-119.100718
CA,Woodland city,38.67116,-121.750043
CA,Woodlands CDP,35.028873,-120.552393
CA,Woodside town,37.42215,-122.258593
CA,Woodville CDP,36.09268,-119.201226
CA,Woodville Farm Labor Camp CDP,36.083151,-119.147923
CA,Woody CDP,35.708148,-118.814396
CA,Wrightwood CDP,34.345988,-117.627579
CA,Yankee Hill CDP,39.700709,-121.514688
CA,Yermo CDP,34.906656,-116.823274
CA,Yettem CDP,36.485684,-119.255689
CA,Yolo CDP,38.740463,-121.809324
CA,Yorba Linda city,33.889038,-117.77207
CA,Yosemite Lakes CDP,37.185358,-119.772122
CA,Yosemite Valley CDP,37.742523,-119.577626
CA,Yosemite West CDP,37.648193,-119.718217
CA,Yountville city,38.393512,-122.365536
CA,Yreka city,41.724032,-122.63157
CA,Yuba City city,39.129842,-121.641549
CA,Yucaipa city,34.033582,-117.042898
CA,Yucca Valley town,34.123347,-116.421557
CA,Zayante CDP,37.089214,-122.040862
